name	photo	position	email
Rafael Irizarry, Ph.D.	IRIZARRY8.jpg	Professor	rafa@jhu.edu
Martin Steinegger, Ph.D.	martin_steinegger.png	Assistant Professor	martin.steinegger@snu.ac.kr
Stephan Pabinger, Ph.D.	stephan_pabinger2.jpg	Postdoctoral Research Fellow	stephan.pabinger@i-med.ac.at
Todd J. Treangen, Ph.D.	treangen.jpg	Senior Bioinformatics Scientist	treangen@gmail.com
Hilary Parker	hilary.jpg	Ph.D. Candidate	hilary@jhu.edu
Alyssa Frazee, Ph. D	frazee.jpg	NA	alyssa.frazee@gmail.com
Carl Kingsford, Ph.D.	carlk.jpg	Professor of Computer Science	carlk@cs.cmu.edu
Tanja Magoc, Ph.D.	tmagoc.jpg	Postdoctoral Research Fellow	t.magoc@gmail.com
Adam Phillippy, Ph.D.	amp.jpg	Director and Senior Investigator<br>Center for Genomics and Data Science Research	adam.phillippy@nih.gov
